--BEGIN INSERTING VALUES INTO TABLES
--Inserting values into HospitalPerson
use cecs323m39;
--First 10
INSERT INTO `HospitalPerson` (`firstName`,`lastName`,`address`,`personID`) VALUES ("Keefe","Bevis","P.O. Box 645, 7391 Taciti St.","5790");
INSERT INTO `HospitalPerson` (`firstName`,`lastName`,`address`,`personID`) VALUES ("Carolyn","Rashad","9346 Vel Av.","4800");
INSERT INTO `HospitalPerson` (`firstName`,`lastName`,`address`,`personID`) VALUES ("Raymond","Rachel","613-7523 Tellus Av.","4092");
INSERT INTO `HospitalPerson` (`firstName`,`lastName`,`address`,`personID`) VALUES ("Xena","Nigel","9682 Sociosqu Ave","9626");
INSERT INTO `HospitalPerson` (`firstName`,`lastName`,`address`,`personID`) VALUES ("Nicholas","Melanie","794-6884 Nunc. Rd.","3572");
INSERT INTO `HospitalPerson` (`firstName`,`lastName`,`address`,`personID`) VALUES ("Ifeoma","Omar","4920 Congue Road","2118");
INSERT INTO `HospitalPerson` (`firstName`,`lastName`,`address`,`personID`) VALUES ("Wade","Tashya","532-3597 Dapibus Ave","5518");
INSERT INTO `HospitalPerson` (`firstName`,`lastName`,`address`,`personID`) VALUES ("Salvador","Yoshi","261-4878 Neque Ave","6611");
INSERT INTO `HospitalPerson` (`firstName`,`lastName`,`address`,`personID`) VALUES ("Channing","Leroy","P.O. Box 334, 1030 A St.","3379");
INSERT INTO `HospitalPerson` (`firstName`,`lastName`,`address`,`personID`) VALUES ("Jenna","Jasper","P.O. Box 184, 5350 Ligula. Road","5111");

--11-20
INSERT INTO `HospitalPerson` (`firstName`,`lastName`,`address`,`personID`) VALUES ("Velma","Germaine","Ap #591-1029 Elit Road","6401");
INSERT INTO `HospitalPerson` (`firstName`,`lastName`,`address`,`personID`) VALUES ("Moses","Aladdin","P.O. Box 306, 3379 A Road","4503");
INSERT INTO `HospitalPerson` (`firstName`,`lastName`,`address`,`personID`) VALUES ("Kenneth","Sonya","Ap #409-7641 Dolor Ave","4142");
INSERT INTO `HospitalPerson` (`firstName`,`lastName`,`address`,`personID`) VALUES ("Kato","Sacha","306-6814 Suscipit Av.","2138");
INSERT INTO `HospitalPerson` (`firstName`,`lastName`,`address`,`personID`) VALUES ("Lesley","Arthur","Ap #702-992 Tortor. St.","1968");
INSERT INTO `HospitalPerson` (`firstName`,`lastName`,`address`,`personID`) VALUES ("Jacob","Hannah","Ap #210-1923 Tristique Road","1139");
INSERT INTO `HospitalPerson` (`firstName`,`lastName`,`address`,`personID`) VALUES ("Sophia","Sarah","Ap #901-2871 Maecenas Ave","7471");
INSERT INTO `HospitalPerson` (`firstName`,`lastName`,`address`,`personID`) VALUES ("Katell","Sara","P.O. Box 453, 7928 Scelerisque Rd.","1236");
INSERT INTO `HospitalPerson` (`firstName`,`lastName`,`address`,`personID`) VALUES ("Shannon","Vivian","Ap #979-8877 Adipiscing, St.","1778");
INSERT INTO `HospitalPerson` (`firstName`,`lastName`,`address`,`personID`) VALUES ("Noah","Dylan","8796 Quis Rd.","9968");

--21-30
INSERT INTO `HospitalPerson` (`firstName`,`lastName`,`address`,`personID`) VALUES ("Kirestin","Blossom","P.O. Box 165, 4506 Pellentesque St.","1495");
INSERT INTO `HospitalPerson` (`firstName`,`lastName`,`address`,`personID`) VALUES ("Evangeline","Prescott","3575 Malesuada St.","1163");
INSERT INTO `HospitalPerson` (`firstName`,`lastName`,`address`,`personID`) VALUES ("Tanisha","Sybil","134-6137 Elit Rd.","2783");
INSERT INTO `HospitalPerson` (`firstName`,`lastName`,`address`,`personID`) VALUES ("Azalia","Quyn","Ap #275-5476 Ut, St.","3830");
INSERT INTO `HospitalPerson` (`firstName`,`lastName`,`address`,`personID`) VALUES ("Vera","Shannon","3066 Nisi St.","7382");
INSERT INTO `HospitalPerson` (`firstName`,`lastName`,`address`,`personID`) VALUES ("Marshall","Dana","1254 Eu Av.","1940");
INSERT INTO `HospitalPerson` (`firstName`,`lastName`,`address`,`personID`) VALUES ("Uriel","Anastasia","Ap #472-2681 Sem Rd.","1118");
INSERT INTO `HospitalPerson` (`firstName`,`lastName`,`address`,`personID`) VALUES ("Hiram","Yeo","Ap #172-3126 Nunc St.","4351");
INSERT INTO `HospitalPerson` (`firstName`,`lastName`,`address`,`personID`) VALUES ("Timon","Elizabeth","5355 Sit Rd.","2672");
INSERT INTO `HospitalPerson` (`firstName`,`lastName`,`address`,`personID`) VALUES ("Merrill","Jin","260-3863 Nullam Avenue","9947");

--31-40
INSERT INTO `HospitalPerson` (`firstName`,`lastName`,`address`,`personID`) VALUES ("Dahlia","Karyn","3112 At, St.","5312");
INSERT INTO `HospitalPerson` (`firstName`,`lastName`,`address`,`personID`) VALUES ("Oscar","Jada","P.O. Box 420, 6516 Eu St.","7492");
INSERT INTO `HospitalPerson` (`firstName`,`lastName`,`address`,`personID`) VALUES ("Echo","Roary","3273 Eu St.","5733");
INSERT INTO `HospitalPerson` (`firstName`,`lastName`,`address`,`personID`) VALUES ("Rebecca","Jada","P.O. Box 461, 2850 Integer Street","8342");
INSERT INTO `HospitalPerson` (`firstName`,`lastName`,`address`,`personID`) VALUES ("Joshua","Zelda","4557 Senectus Street","7219");
INSERT INTO `HospitalPerson` (`firstName`,`lastName`,`address`,`personID`) VALUES ("Wyatt","Jaime","9803 Eget Rd.","9894");
INSERT INTO `HospitalPerson` (`firstName`,`lastName`,`address`,`personID`) VALUES ("Sylvia","Laura","3117 Vitae Ave","2607");
INSERT INTO `HospitalPerson` (`firstName`,`lastName`,`address`,`personID`) VALUES ("Mollie","Nissim","P.O. Box 223, 9633 Arcu St.","9723");
INSERT INTO `HospitalPerson` (`firstName`,`lastName`,`address`,`personID`) VALUES ("Sara","Branden","P.O. Box 516, 1747 Integer Av.","6847");
INSERT INTO `HospitalPerson` (`firstName`,`lastName`,`address`,`personID`) VALUES ("Leroy","Tyrone","181 Est Avenue","4272");

--41-50
INSERT INTO `HospitalPerson` (`firstName`,`lastName`,`address`,`personID`) VALUES ("Sonia","Josephine","6791 Pede Ave","9256");
INSERT INTO `HospitalPerson` (`firstName`,`lastName`,`address`,`personID`) VALUES ("Abdul","Alvin","P.O. Box 798, 5116 Sagittis Street","6055");
INSERT INTO `HospitalPerson` (`firstName`,`lastName`,`address`,`personID`) VALUES ("Tamara","Paki","Ap #727-680 Diam Av.","1879");
INSERT INTO `HospitalPerson` (`firstName`,`lastName`,`address`,`personID`) VALUES ("Karen","Ann","P.O. Box 232, 120 Nulla. Street","8780");
INSERT INTO `HospitalPerson` (`firstName`,`lastName`,`address`,`personID`) VALUES ("Eagan","Tatiana","7941 Tincidunt, St.","7448");
INSERT INTO `HospitalPerson` (`firstName`,`lastName`,`address`,`personID`) VALUES ("Brynn","Kiara","Ap #728-2744 Enim. Street","7602");
INSERT INTO `HospitalPerson` (`firstName`,`lastName`,`address`,`personID`) VALUES ("Maile","Daphne","8829 Varius. Rd.","4051");
INSERT INTO `HospitalPerson` (`firstName`,`lastName`,`address`,`personID`) VALUES ("Uriel","Natalie","4510 Tellus, Road","6726");
INSERT INTO `HospitalPerson` (`firstName`,`lastName`,`address`,`personID`) VALUES ("Yuli","Rinah","P.O. Box 971, 2158 Malesuada Rd.","7064");
INSERT INTO `HospitalPerson` (`firstName`,`lastName`,`address`,`personID`) VALUES ("Addison","Gil","591-2874 Libero St.","9792");


--####
--Inserting values into PersonPhone
--####
INSERT INTO `PersonPhone` (`phoneType`,`phoneNum`,`personID`) VALUES ("cell","313-453-4353","5790");
INSERT INTO `PersonPhone` (`phoneType`,`phoneNum`,`personID`) VALUES ("home","313-413-3453","5790");
INSERT INTO `PersonPhone` (`phoneType`,`phoneNum`,`personID`) VALUES ("cell","342-655-4564","4800");
INSERT INTO `PersonPhone` (`phoneType`,`phoneNum`,`personID`) VALUES ("cell","234-657-3456","4092");
INSERT INTO `PersonPhone` (`phoneType`,`phoneNum`,`personID`) VALUES ("cell","124-457-4856","9626");
INSERT INTO `PersonPhone` (`phoneType`,`phoneNum`,`personID`) VALUES ("cell","675-754-7547","3572");
INSERT INTO `PersonPhone` (`phoneType`,`phoneNum`,`personID`) VALUES ("cell","346-754-8577","2118");
INSERT INTO `PersonPhone` (`phoneType`,`phoneNum`,`personID`) VALUES ("cell","234-754-3457","5518");
INSERT INTO `PersonPhone` (`phoneType`,`phoneNum`,`personID`) VALUES ("cell","234-674-7658","6611");
INSERT INTO `PersonPhone` (`phoneType`,`phoneNum`,`personID`) VALUES ("cell","264-785-8769","3379");
INSERT INTO `PersonPhone` (`phoneType`,`phoneNum`,`personID`) VALUES ("cell","348-769-5484","5111");

INSERT INTO `PersonPhone` (`phoneType`,`phoneNum`,`personID`) VALUES ("home","435-346-3747","6401");
INSERT INTO `PersonPhone` (`phoneType`,`phoneNum`,`personID`) VALUES ("home","457-458-5737","4503");
INSERT INTO `PersonPhone` (`phoneType`,`phoneNum`,`personID`) VALUES ("home","345-745-8568","4142");
INSERT INTO `PersonPhone` (`phoneType`,`phoneNum`,`personID`) VALUES ("cell","213-345-6868","2138");
INSERT INTO `PersonPhone` (`phoneType`,`phoneNum`,`personID`) VALUES ("home","896-457-2463","1968");
INSERT INTO `PersonPhone` (`phoneType`,`phoneNum`,`personID`) VALUES ("home","689-456-2347","1139");
INSERT INTO `PersonPhone` (`phoneType`,`phoneNum`,`personID`) VALUES ("cell","124-658-5675","7471");
INSERT INTO `PersonPhone` (`phoneType`,`phoneNum`,`personID`) VALUES ("home","232-436-5474","1236");
INSERT INTO `PersonPhone` (`phoneType`,`phoneNum`,`personID`) VALUES ("home","456-437-3457","1778");
INSERT INTO `PersonPhone` (`phoneType`,`phoneNum`,`personID`) VALUES ("home","796-679-3475","9968");

INSERT INTO `PersonPhone` (`phoneType`,`phoneNum`,`personID`) VALUES ("home","457-457-2463","1495");
INSERT INTO `PersonPhone` (`phoneType`,`phoneNum`,`personID`) VALUES ("home","457-348-5472","1163");
INSERT INTO `PersonPhone` (`phoneType`,`phoneNum`,`personID`) VALUES ("cell","654-854-8426","2783");
INSERT INTO `PersonPhone` (`phoneType`,`phoneNum`,`personID`) VALUES ("cell","754-435-7327","3830");
INSERT INTO `PersonPhone` (`phoneType`,`phoneNum`,`personID`) VALUES ("cell","785-345-8635","7382");
INSERT INTO `PersonPhone` (`phoneType`,`phoneNum`,`personID`) VALUES ("home","738-568-3457","1940");
INSERT INTO `PersonPhone` (`phoneType`,`phoneNum`,`personID`) VALUES ("home","785-869-0990","1118");
INSERT INTO `PersonPhone` (`phoneType`,`phoneNum`,`personID`) VALUES ("home","349-098-0547","4351");
INSERT INTO `PersonPhone` (`phoneType`,`phoneNum`,`personID`) VALUES ("cell","380-747-5468","2672");
INSERT INTO `PersonPhone` (`phoneType`,`phoneNum`,`personID`) VALUES ("home","356-785-8458","9947");

INSERT INTO `PersonPhone` (`phoneType`,`phoneNum`,`personID`) VALUES ("cell","087-965-3457","5312");
INSERT INTO `PersonPhone` (`phoneType`,`phoneNum`,`personID`) VALUES ("cell","567-543-8457","7492");
INSERT INTO `PersonPhone` (`phoneType`,`phoneNum`,`personID`) VALUES ("home","097-568-5375","5733");
INSERT INTO `PersonPhone` (`phoneType`,`phoneNum`,`personID`) VALUES ("home","087-764-6585","8342");
INSERT INTO `PersonPhone` (`phoneType`,`phoneNum`,`personID`) VALUES ("home","345-686-8557","7219");
INSERT INTO `PersonPhone` (`phoneType`,`phoneNum`,`personID`) VALUES ("cell","345-856-8585","9894");
INSERT INTO `PersonPhone` (`phoneType`,`phoneNum`,`personID`) VALUES ("cell","978-568-5485","2607");
INSERT INTO `PersonPhone` (`phoneType`,`phoneNum`,`personID`) VALUES ("home","438-658-8586","9723");
INSERT INTO `PersonPhone` (`phoneType`,`phoneNum`,`personID`) VALUES ("cell","389-564-3480","6847");
INSERT INTO `PersonPhone` (`phoneType`,`phoneNum`,`personID`) VALUES ("home","708-547-4858","4272");

INSERT INTO `PersonPhone` (`phoneType`,`phoneNum`,`personID`) VALUES ("cell","967-658-5685","9256");
INSERT INTO `PersonPhone` (`phoneType`,`phoneNum`,`personID`) VALUES ("home","345-568-8547","6055");
INSERT INTO `PersonPhone` (`phoneType`,`phoneNum`,`personID`) VALUES ("home","707-567-5854","1879");
INSERT INTO `PersonPhone` (`phoneType`,`phoneNum`,`personID`) VALUES ("cell","568-658-6858","8780");
INSERT INTO `PersonPhone` (`phoneType`,`phoneNum`,`personID`) VALUES ("home","435-877-3868","7448");
INSERT INTO `PersonPhone` (`phoneType`,`phoneNum`,`personID`) VALUES ("cell","967-684-5474","7602");
INSERT INTO `PersonPhone` (`phoneType`,`phoneNum`,`personID`) VALUES ("home","544-477-4785","4051");
INSERT INTO `PersonPhone` (`phoneType`,`phoneNum`,`personID`) VALUES ("cell","858-869-4784","6726");
INSERT INTO `PersonPhone` (`phoneType`,`phoneNum`,`personID`) VALUES ("cell","687-535-5474","7064");
INSERT INTO `PersonPhone` (`phoneType`,`phoneNum`,`personID`) VALUES ("home","967-686-3895","9792");


--####
--Insert into Employees
--####
INSERT INTO `Employee` (`hiredDate`,`vacaTime`,`personID`) VALUES ("1995-08-30","5","5790");
INSERT INTO `Employee` (`hiredDate`,`vacaTime`,`personID`) VALUES ("2000-09-25","1","4800");
INSERT INTO `Employee` (`hiredDate`,`vacaTime`,`personID`) VALUES ("2001-12-12","14","4092");
INSERT INTO `Employee` (`hiredDate`,`vacaTime`,`personID`) VALUES ("2008-03-30","3","9626");
INSERT INTO `Employee` (`hiredDate`,`vacaTime`,`personID`) VALUES ("1999-07-04","11","3572");
INSERT INTO `Employee` (`hiredDate`,`vacaTime`,`personID`) VALUES ("1998-01-17","12","2118");
INSERT INTO `Employee` (`hiredDate`,`vacaTime`,`personID`) VALUES ("1997-05-21","13","5518");
INSERT INTO `Employee` (`hiredDate`,`vacaTime`,`personID`) VALUES ("2006-11-15","6","6611");
INSERT INTO `Employee` (`hiredDate`,`vacaTime`,`personID`) VALUES ("2006-11-14","0","3379");
INSERT INTO `Employee` (`hiredDate`,`vacaTime`,`personID`) VALUES ("2012-09-11","3","5111");


--####
--Inserting values into Volunteer
--####
INSERT INTO Volunteer (`personID`)
    VALUES  (6401),
            (4503),
            (4142),
            (2138),
            (1968),
            (1139),
            (7471),
            (1236),
            (1778),
            (9968);
--####
--INSERTING VALUE INTO SKILL TABLE
--####
INSERT INTO Skill (`skillName`)
    VALUES ('Timeliness'),
        ('Leadership'),
        ('Organized'),
        ('Flexible');
--####
--INSERTING INTO ASSOCIATION VOLUNTEERSKILL TABLE
--####
INSERT INTO VolunteerSkill (`personID`, `skillName`)
    VALUES (6401, 'Timeliness'),
    (6401, 'Organized'),
    (4503, 'Leadership'),
    (4142, 'Timeliness'),
    (2138, 'Flexible'),
    (1968, 'Leadership'),
    (1139, 'Organized'),
    (7471, 'Flexible'),
    (1236, 'Timeliness'); -- person 1778, 9968 don't have any skills ):


--####
--INSERTING VALUES INTO PHYSICIAN (21-30)
--####
INSERT INTO `Physician` (`pagerNum`,`personID`) VALUES ("345-346-3463","1495");
INSERT INTO `Physician` (`pagerNum`,`personID`) VALUES ("453-634-6363","1163" );
INSERT INTO `Physician` (`pagerNum`,`personID`) VALUES ("235-356-5474","2783");
INSERT INTO `Physician` (`pagerNum`,`personID`) VALUES ("457-457-6558","3830");
INSERT INTO `Physician` (`pagerNum`,`personID`) VALUES ("432-754-2765","7382");
INSERT INTO `Physician` (`pagerNum`,`personID`) VALUES ("234-546-8468","1940");
INSERT INTO `Physician` (`pagerNum`,`personID`) VALUES ("234-865-4564","1118");
INSERT INTO `Physician` (`pagerNum`,`personID`) VALUES ("275-852-5485","4351");
INSERT INTO `Physician` (`pagerNum`,`personID`) VALUES ("346-875-2745","2672");
INSERT INTO `Physician` (`pagerNum`,`personID`) VALUES ("857-458-2474","9947");
--####
--INSERTING VALUES for Specialty
--####
INSERT INTO Specialty (`specialtyName`)
    VALUES ("Pediatrics"),
           ("Neurology"),
           ("Radiology"),
           ("Dermatology"),
           ("Gynecology");
--####
--INSERT INTO ASSOCIATION TABLE PHYSICIANSPECIALTY
--####
INSERT INTO PhysicianSpecialty (`pagerNum`, `specialtyName`)
    VALUES ("345-346-3463", "Pediatrics"),
           ("453-634-6363", "Neurology"),
           ("235-356-5474", "Radiology"),
           ("457-457-6558", "Dermatology"),
           ("432-754-2765", "Dermatology"),
           ("234-546-8468", "Pediatrics"),
           ("234-865-4564", "Neurology"),
           ("275-852-5485", "Gynecology"),
           ("346-875-2745", "Gynecology"),
           ("857-458-2474", "Pediatrics");
--####                 
--Insert values into Staff
--####
INSERT INTO `Staff` (`jobClass`,`personID`) VALUES ("Janitor","9626");
INSERT INTO `Staff` (`jobClass`,`personID`) VALUES ("Maintenance","3572");


--####
--Insert values for Technician
--####
INSERT INTO `Technician` (`personID`) VALUES ("5790");
INSERT INTO `Technician` (`personID`) VALUES ("4800");
INSERT INTO `Technician` (`personID`) VALUES ("4092");
--####
--INSERT VALUES FOR ASSOCIATION TABLE TECHNICIANSKILL
--####
INSERT INTO TechnicianSkill (`personID`, `skillName`)
    VALUES ("5790", 'Leadership'),
           ("4800", 'Organized'),
           ("5790", 'Flexible'),
           ("4800", 'Timeliness');
--####
--Insert values into Lab
--####
INSERT INTO `Lab` (`name`,`location`) VALUES ("TechLab","201");
INSERT INTO `Lab` (`name`,`location`) VALUES ("BioLab","204");
INSERT INTO `Lab` (`name`,`location`) VALUES ("Neurolab","305");
--####
--Insert values into TechLab ASSOCIATION TABLE
--####
INSERT INTO `TechLab` (`location`,`personID`, `startDate`) VALUES ("201","5790","2014-11-22");


--####
--INSERTING VALUES FOR Patient
--####
INSERT INTO `Patient` (`ID`,`personID`,`pagerNum`,`contactDate`) VALUES ("0123","5312","345-346-3463","2016-04-29");
INSERT INTO `Patient` (`ID`,`personID`,`pagerNum`,`contactDate`) VALUES ("2384","7492","453-634-6363","2015-03-22");
INSERT INTO `Patient` (`ID`,`personID`,`pagerNum`,`contactDate`) VALUES ("9433","5733","235-356-5474","2012-06-19");
INSERT INTO `Patient` (`ID`,`personID`,`pagerNum`,`contactDate`) VALUES ("3948","8342","457-457-6558","2016-01-16");
INSERT INTO `Patient` (`ID`,`personID`,`pagerNum`,`contactDate`) VALUES ("2091","7219","432-754-2765","2015-12-25");
INSERT INTO `Patient` (`ID`,`personID`,`pagerNum`,`contactDate`) VALUES ("3485","9894","234-546-8468","2016-04-20");
INSERT INTO `Patient` (`ID`,`personID`,`pagerNum`,`contactDate`) VALUES ("6094","2607","234-865-4564","2016-04-01");
INSERT INTO `Patient` (`ID`,`personID`,`pagerNum`,`contactDate`) VALUES ("1039","9723","275-852-5485","2015-10-01");
INSERT INTO `Patient` (`ID`,`personID`,`pagerNum`,`contactDate`) VALUES ("5920","6847","346-875-2745","2015-12-31");
INSERT INTO `Patient` (`ID`,`personID`,`pagerNum`,`contactDate`) VALUES ("2985","4272","857-458-2474","2016-01-01");
INSERT INTO `Patient` (`ID`,`personID`,`pagerNum`,`contactDate`) VALUES ("1470","6401","857-458-2474","2016-01-01");
INSERT INTO `Patient` (`ID`,`personID`,`pagerNum`,`contactDate`) VALUES ("5893","4503","857-458-2474","2016-01-01");

--####
--Instert Values into Visit
--####
INSERT INTO `Visit` (`date`,`comment`,`visitHrs`,`pagerNum`) VALUES ("2016-04-29","He seems to be recovering well.","3:00pm-4:00pm","234-546-8468");
INSERT INTO `Visit` (`date`,`comment`,`visitHrs`,`pagerNum`) VALUES ("2016-02-14","Happy Valentines day!","6:00pm-8:00pm","453-634-6363");
INSERT INTO `Visit` (`date`,`comment`,`visitHrs`,`pagerNum`) VALUES ("2015-12-25","Sad Christmas day for her.","8:00am-10:00am","857-458-2474");
INSERT INTO `Visit` (`date`,`comment`,`visitHrs`,`pagerNum`) VALUES (NULL,"Leg still fractured badly.","10:00am-11:00am","234-865-4564");
INSERT INTO `Visit` (`date`,`comment`,`visitHrs`,`pagerNum`) VALUES ("2016-04-20","Hand still badly burned.","4:00pm-5:00pm","346-875-2745");
INSERT INTO `Visit` (`date`,`comment`,`visitHrs`,`pagerNum`) VALUES ("2015-10-05","Fixed dislocated shoulder.","8:00am-11:00am","275-852-5485");
INSERT INTO `Visit` (`date`,`comment`,`visitHrs`,`pagerNum`) VALUES ("2015-10-05","Fixed their face.","8:00am-11:00am","275-852-5485");
INSERT INTO `Visit` (`date`,`comment`,`visitHrs`,`pagerNum`) VALUES ("2015-10-05","Assisted with hip therapy.","11:00am-1:00pm","275-852-5485");
INSERT INTO `Visit` (`date`,`comment`,`visitHrs`,`pagerNum`) VALUES ("2015-10-05","Gave some medication for insomia.","3:00pm-5:00pm","275-852-5485");

--####
--Insert values into Outpatient
--####
INSERT INTO `Outpatient` (`personID`,`ID`) VALUES ("9894","3485");
INSERT INTO `Outpatient` (`personID`,`ID`) VALUES ("2607","6094");
INSERT INTO `Outpatient` (`personID`,`ID`) VALUES ("9723","1039");
INSERT INTO `Outpatient` (`personID`,`ID`) VALUES ("6847","5920");
INSERT INTO `Outpatient` (`personID`,`ID`) VALUES ("4272","2985");


--####
--Insert values into CareCenter
--####
INSERT INTO `CareCenter` (`location`,`centerName`, `centerID`) VALUES ("West Wing","Happy CareCenter", "1357");
INSERT INTO `CareCenter` (`location`,`centerName`, `centerID`) VALUES ("East Wing","Sad CareCenter", "2468");

--####
--Insert values into Nurse
--####
INSERT INTO `Nurse` (`certificate`,`personID`, `centerID`) VALUES ("RN","2118", "1357");
INSERT INTO `Nurse` (`certificate`,`personID`, `centerID`) VALUES ("RN","5518", "2468");
INSERT INTO `Nurse` (`certificate`,`personID`, `centerID`) VALUES ("RN","6611", "2468");
INSERT INTO `Nurse` (`certificate`,`personID`, `centerID`) VALUES ("General","3379", "2468");
INSERT INTO `Nurse` (`certificate`,`personID`, `centerID`) VALUES ("General","5111", "1357");
--####
--Insert values into RN
--####
INSERT INTO `RN` (`personID`,`licenseLoc`,`dateReceived`) VALUES ("2118","Stanford","2010-05-15");
INSERT INTO `RN` (`personID`,`licenseLoc`,`dateReceived`) VALUES ("5518","Harvard","2011-06-16");
INSERT INTO `RN` (`personID`,`licenseLoc`,`dateReceived`) VALUES ("6611","CSULB","2000-08-04");
--####
--Insert values into HeadNurse
--####
INSERT INTO `HeadNurse`(`personID`, `assigned`) VALUES ("2118", 0);
INSERT INTO `HeadNurse`(`personID`, `assigned`) VALUES ("5518", 1);
--####
--Insert values into TimeCard
--####
INSERT INTO `Timecard` (`date`,`hrsWorked`,`personID`) VALUES ("2016-04-29","40","2118");
INSERT INTO `Timecard` (`date`,`hrsWorked`,`personID`) VALUES ("2016-04-21","60","5518");
INSERT INTO `Timecard` (`date`,`hrsWorked`,`personID`) VALUES ("2016-04-17","50","6611");
INSERT INTO `Timecard` (`date`,`hrsWorked`,`personID`) VALUES ("2016-03-24","50","3379");
INSERT INTO `Timecard` (`date`,`hrsWorked`,`personID`) VALUES ("2016-04-29","40","5111");


--####
--Insert values into Bed
--####
INSERT INTO `Bed` (`bedNum`,`roomNum`,`centerID`) VALUES ("1","145","2468");
INSERT INTO `Bed` (`bedNum`,`roomNum`,`centerID`) VALUES ("2","145","2468");
INSERT INTO `Bed` (`bedNum`,`roomNum`,`centerID`) VALUES ("1","245","2468");
INSERT INTO `Bed` (`bedNum`,`roomNum`,`centerID`) VALUES ("2","245","1357");
INSERT INTO `Bed` (`bedNum`,`roomNum`,`centerID`) VALUES ("1","300","1357");
INSERT INTO `Bed` (`bedNum`,`roomNum`,`centerID`) VALUES ("1","200","1357");

--####
--Insert values into Resident
--####
INSERT INTO `Resident` (`admittedDate`,`lengthStayed`,`personID`,`ID`,`centerID`) VALUES ("2016-04-25","4","5312","0123", "2468");
INSERT INTO `Resident` (`admittedDate`,`lengthStayed`,`personID`,`ID`,`centerID`) VALUES ("2015-09-28","6","7492","2384", "2468");
INSERT INTO `Resident` (`admittedDate`,`lengthStayed`,`personID`,`ID`,`centerID`) VALUES ("2015-11-12","12","5733","9433", "2468");
INSERT INTO `Resident` (`admittedDate`,`lengthStayed`,`personID`,`ID`,`centerID`) VALUES ("2016-06-25","10","8342","3948", "1357");
INSERT INTO `Resident` (`admittedDate`,`lengthStayed`,`personID`,`ID`,`centerID`) VALUES ("2002-12-12","15","7219","2091", "1357");